,losses,accuracy
0,1.5499277114868164,0.3125
1,13.095952987670898,0.1875
2,12.088571548461914,0.25
3,11.584880828857422,0.28125
4,14.103333473205566,0.125
5,13.59964370727539,0.15625
6,14.103333473205566,0.125
7,13.59964370727539,0.15625
8,13.095952987670898,0.1875
9,12.592262268066406,0.21875
10,13.095952987670898,0.1875
11,13.095952987670898,0.1875
12,15.110713958740234,0.0625
13,13.095952987670898,0.1875
14,13.59964370727539,0.15625
15,12.088571548461914,0.25
16,13.599642753601074,0.15625
17,14.103333473205566,0.125
18,13.095952987670898,0.1875
19,12.592262268066406,0.21875
20,13.59964370727539,0.15625
21,14.103333473205566,0.125
22,14.103333473205566,0.125
23,14.607023239135742,0.09375
24,14.607023239135742,0.09375
25,13.095952033996582,0.1875
26,13.095952987670898,0.1875
27,14.103333473205566,0.125
28,14.607023239135742,0.09375
29,14.103333473205566,0.125
30,16.11809539794922,0.0
31,13.095952987670898,0.1875
32,13.095952987670898,0.1875
33,13.095952987670898,0.1875
34,15.110713958740234,0.0625
35,13.599642753601074,0.15625
36,13.59964370727539,0.15625
37,15.614404678344727,0.03125
38,13.095952033996582,0.1875
39,13.599642753601074,0.15625
40,13.59964370727539,0.15625
41,13.59964370727539,0.15625
42,15.614404678344727,0.03125
43,13.095952987670898,0.1875
44,12.592262268066406,0.21875
45,13.59964370727539,0.15625
46,14.103333473205566,0.125
47,14.607023239135742,0.09375
48,12.088571548461914,0.25
49,13.59964370727539,0.15625
50,13.095952987670898,0.1875
51,13.599642753601074,0.15625
52,14.607023239135742,0.09375
53,13.59964370727539,0.15625
54,13.59964370727539,0.15625
55,11.08119010925293,0.3125
56,11.08119010925293,0.3125
57,12.088571548461914,0.25
58,13.095952987670898,0.1875
59,13.095952987670898,0.1875
60,13.59964370727539,0.15625
61,12.592262268066406,0.21875
62,14.607023239135742,0.09375
63,13.095952987670898,0.1875
64,9.57011890411377,0.40625
65,15.110713958740234,0.0625
66,11.08119010925293,0.3125
67,12.088571548461914,0.25
68,13.095952987670898,0.1875
69,11.584880828857422,0.28125
70,13.599642753601074,0.15625
71,13.59964370727539,0.15625
72,15.110713958740234,0.0625
73,12.088571548461914,0.25
74,13.59964370727539,0.15625
75,12.592262268066406,0.21875
76,11.584880828857422,0.28125
77,14.607023239135742,0.09375
78,13.59964370727539,0.15625
79,13.095952987670898,0.1875
80,13.095952987670898,0.1875
81,12.592262268066406,0.21875
82,11.584880828857422,0.28125
83,11.08119010925293,0.3125
84,14.103333473205566,0.125
85,15.614404678344727,0.03125
86,14.103333473205566,0.125
87,12.592262268066406,0.21875
88,14.103333473205566,0.125
89,13.095952987670898,0.1875
90,13.59964370727539,0.15625
91,12.592262268066406,0.21875
92,14.103333473205566,0.125
93,14.607023239135742,0.09375
94,14.103333473205566,0.125
95,15.110713958740234,0.0625
96,11.584880828857422,0.28125
97,13.59964370727539,0.15625
98,11.584880828857422,0.28125
99,12.592262268066406,0.21875
100,13.59964370727539,0.15625
101,14.103333473205566,0.125
102,14.103333473205566,0.125
103,12.088571548461914,0.25
104,11.584880828857422,0.28125
105,11.081191062927246,0.3125
106,13.095952987670898,0.1875
107,13.095952033996582,0.1875
108,12.592262268066406,0.21875
109,13.095952033996582,0.1875
110,13.59964370727539,0.15625
111,12.592262268066406,0.21875
112,11.08119010925293,0.3125
113,14.103333473205566,0.125
114,15.110713958740234,0.0625
115,11.584880828857422,0.28125
116,13.095952033996582,0.1875
117,15.110713958740234,0.0625
118,14.103333473205566,0.125
119,14.607023239135742,0.09375
120,13.095952987670898,0.1875
121,13.095952987670898,0.1875
122,13.095952987670898,0.1875
123,13.59964370727539,0.15625
124,11.584880828857422,0.28125
125,13.599642753601074,0.15625
126,13.095952033996582,0.1875
127,13.59964370727539,0.15625
128,11.584880828857422,0.28125
129,12.592262268066406,0.21875
130,15.110713958740234,0.0625
131,12.088571548461914,0.25
132,12.592262268066406,0.21875
133,12.088571548461914,0.25
134,14.607023239135742,0.09375
135,11.584880828857422,0.28125
136,14.103333473205566,0.125
137,13.59964370727539,0.15625
138,13.815510749816895,0.1428571492433548
139,14.607023239135742,0.09375
140,10.577499389648438,0.34375
141,13.095952987670898,0.1875
142,12.088571548461914,0.25
143,14.607023239135742,0.09375
144,13.599642753601074,0.15625
145,13.59964370727539,0.15625
146,14.103333473205566,0.125
147,14.103333473205566,0.125
148,12.592262268066406,0.21875
149,13.095952987670898,0.1875
150,13.095952033996582,0.1875
151,15.614404678344727,0.03125
152,9.066429138183594,0.4375
153,14.103333473205566,0.125
154,11.08119010925293,0.3125
155,14.103333473205566,0.125
156,15.110713958740234,0.0625
157,15.110713958740234,0.0625
158,13.095952987670898,0.1875
159,15.110713958740234,0.0625
160,14.103333473205566,0.125
161,14.607023239135742,0.09375
162,13.095952987670898,0.1875
163,12.088571548461914,0.25
164,12.088571548461914,0.25
165,12.088571548461914,0.25
166,14.103333473205566,0.125
167,14.103333473205566,0.125
168,14.607023239135742,0.09375
169,14.103333473205566,0.125
170,15.110713958740234,0.0625
171,15.110713958740234,0.0625
172,14.103333473205566,0.125
173,12.088571548461914,0.25
174,13.59964370727539,0.15625
175,12.592262268066406,0.21875
176,13.59964370727539,0.15625
177,12.592262268066406,0.21875
178,11.584880828857422,0.28125
179,11.584880828857422,0.28125
180,13.599642753601074,0.15625
181,12.592262268066406,0.21875
182,14.607024192810059,0.09375
183,12.592262268066406,0.21875
184,14.103333473205566,0.125
185,13.59964370727539,0.15625
186,14.607023239135742,0.09375
187,14.607023239135742,0.09375
188,13.095952987670898,0.1875
189,12.088571548461914,0.25
190,16.11809539794922,0.0
191,13.095952987670898,0.1875
192,13.095952987670898,0.1875
193,12.088571548461914,0.25
194,14.607024192810059,0.09375
195,14.103333473205566,0.125
196,12.088571548461914,0.25
197,13.59964370727539,0.15625
198,12.592262268066406,0.21875
199,12.592262268066406,0.21875
200,12.592262268066406,0.21875
201,14.607023239135742,0.09375
202,11.584880828857422,0.28125
203,13.59964370727539,0.15625
204,13.599642753601074,0.15625
205,12.592262268066406,0.21875
206,15.614404678344727,0.03125
207,13.59964370727539,0.15625
208,14.103333473205566,0.125
209,13.59964370727539,0.15625
210,15.110713958740234,0.0625
211,13.095952033996582,0.1875
212,14.103333473205566,0.125
213,14.607023239135742,0.09375
214,11.08119010925293,0.3125
215,12.088571548461914,0.25
216,14.103333473205566,0.125
217,13.095952987670898,0.1875
218,13.095952987670898,0.1875
219,14.103333473205566,0.125
220,12.592262268066406,0.21875
221,13.599642753601074,0.15625
222,13.095952987670898,0.1875
223,14.607023239135742,0.09375
224,14.103333473205566,0.125
225,12.088571548461914,0.25
226,11.584880828857422,0.28125
227,14.607023239135742,0.09375
228,13.095952987670898,0.1875
229,13.095952987670898,0.1875
230,13.095952987670898,0.1875
231,13.59964370727539,0.15625
232,13.59964370727539,0.15625
233,13.095952987670898,0.1875
234,13.59964370727539,0.15625
235,15.110713958740234,0.0625
236,13.095952987670898,0.1875
237,13.59964370727539,0.15625
238,12.088571548461914,0.25
239,14.103333473205566,0.125
240,13.599642753601074,0.15625
241,14.103333473205566,0.125
242,12.592262268066406,0.21875
243,14.103333473205566,0.125
244,14.103333473205566,0.125
245,11.08119010925293,0.3125
246,12.088571548461914,0.25
247,11.08119010925293,0.3125
248,14.103333473205566,0.125
249,12.592262268066406,0.21875
250,11.584880828857422,0.28125
251,13.095952987670898,0.1875
252,14.103333473205566,0.125
253,15.110713958740234,0.0625
254,11.08119010925293,0.3125
255,12.592262268066406,0.21875
256,12.592262268066406,0.21875
257,14.607023239135742,0.09375
258,13.599642753601074,0.15625
259,13.59964370727539,0.15625
260,13.599642753601074,0.15625
261,14.103333473205566,0.125
262,14.607023239135742,0.09375
263,12.592262268066406,0.21875
264,14.103333473205566,0.125
265,13.59964370727539,0.15625
266,12.088571548461914,0.25
267,15.614404678344727,0.03125
268,12.088571548461914,0.25
269,13.59964370727539,0.15625
270,11.584880828857422,0.28125
271,13.599642753601074,0.15625
272,13.095952033996582,0.1875
273,15.110713958740234,0.0625
274,12.088571548461914,0.25
275,14.607023239135742,0.09375
276,13.59964370727539,0.15625
277,12.592262268066406,0.21875
278,13.095952987670898,0.1875
279,11.584880828857422,0.28125
280,11.584880828857422,0.28125
281,15.110713958740234,0.0625
282,12.592262268066406,0.21875
283,13.59964370727539,0.15625
284,9.21034049987793,0.4285714328289032
285,15.110713958740234,0.0625
286,14.607024192810059,0.09375
287,11.08119010925293,0.3125
288,13.59964370727539,0.15625
289,13.095952987670898,0.1875
290,13.095952987670898,0.1875
291,11.584880828857422,0.28125
292,13.095952987670898,0.1875
293,12.088571548461914,0.25
294,12.088571548461914,0.25
295,15.110713958740234,0.0625
296,13.59964370727539,0.15625
297,14.103333473205566,0.125
298,12.592262268066406,0.21875
299,14.103333473205566,0.125
300,14.103333473205566,0.125
301,14.103333473205566,0.125
302,15.614404678344727,0.03125
303,12.592262268066406,0.21875
304,12.088571548461914,0.25
305,14.607024192810059,0.09375
306,13.095952987670898,0.1875
307,11.584880828857422,0.28125
308,14.103333473205566,0.125
309,14.103333473205566,0.125
310,13.599642753601074,0.15625
311,11.584880828857422,0.28125
312,12.592262268066406,0.21875
313,14.103333473205566,0.125
314,14.103333473205566,0.125
315,12.592262268066406,0.21875
316,13.095952987670898,0.1875
317,12.592262268066406,0.21875
318,12.088571548461914,0.25
319,13.095952987670898,0.1875
320,13.095952987670898,0.1875
321,14.607023239135742,0.09375
322,12.088571548461914,0.25
323,13.095952987670898,0.1875
324,11.584880828857422,0.28125
325,14.103333473205566,0.125
326,11.584880828857422,0.28125
327,13.095952987670898,0.1875
328,13.095952987670898,0.1875
329,13.59964370727539,0.15625
330,12.592262268066406,0.21875
331,13.59964370727539,0.15625
332,12.592262268066406,0.21875
333,12.592262268066406,0.21875
334,12.592262268066406,0.21875
335,13.59964370727539,0.15625
336,14.103333473205566,0.125
337,13.095952987670898,0.1875
338,13.095952987670898,0.1875
339,13.599642753601074,0.15625
340,14.103333473205566,0.125
341,14.103333473205566,0.125
342,14.607023239135742,0.09375
343,14.607024192810059,0.09375
344,12.592262268066406,0.21875
345,14.103333473205566,0.125
346,13.59964370727539,0.15625
347,13.59964370727539,0.15625
348,12.088571548461914,0.25
349,12.592262268066406,0.21875
350,12.592262268066406,0.21875
351,13.095952987670898,0.1875
352,12.592262268066406,0.21875
353,13.095952987670898,0.1875
354,12.088571548461914,0.25
355,15.110713958740234,0.0625
356,13.599642753601074,0.15625
357,11.584880828857422,0.28125
358,13.095952033996582,0.1875
359,13.59964370727539,0.15625
360,11.584880828857422,0.28125
361,14.103333473205566,0.125
362,15.614404678344727,0.03125
363,12.592262268066406,0.21875
364,14.103333473205566,0.125
365,13.599642753601074,0.15625
366,14.103333473205566,0.125
367,14.103333473205566,0.125
368,14.103333473205566,0.125
369,14.607023239135742,0.09375
370,15.110713958740234,0.0625
371,14.607023239135742,0.09375
372,13.095952987670898,0.1875
373,12.088571548461914,0.25
374,13.59964370727539,0.15625
375,16.11809539794922,0.0
376,13.59964370727539,0.15625
377,14.607023239135742,0.09375
378,14.103333473205566,0.125
379,11.584880828857422,0.28125
380,12.088571548461914,0.25
381,13.095952987670898,0.1875
382,13.599642753601074,0.15625
383,11.584880828857422,0.28125
384,13.095952987670898,0.1875
385,12.088571548461914,0.25
386,13.095952987670898,0.1875
387,14.103333473205566,0.125
388,12.592262268066406,0.21875
389,13.095952987670898,0.1875
390,13.095952987670898,0.1875
391,15.614404678344727,0.03125
392,14.103333473205566,0.125
393,12.592262268066406,0.21875
394,12.592262268066406,0.21875
395,15.110713958740234,0.0625
396,12.088571548461914,0.25
397,14.607023239135742,0.09375
398,13.095952987670898,0.1875
399,15.110713958740234,0.0625
400,11.584880828857422,0.28125
401,12.592262268066406,0.21875
402,14.103333473205566,0.125
403,14.103333473205566,0.125
404,12.088571548461914,0.25
405,14.607023239135742,0.09375
406,11.584880828857422,0.28125
407,12.592262268066406,0.21875
408,14.103333473205566,0.125
409,13.59964370727539,0.15625
410,12.592262268066406,0.21875
411,13.59964370727539,0.15625
412,12.592262268066406,0.21875
413,12.592262268066406,0.21875
414,13.59964370727539,0.15625
415,14.103333473205566,0.125
416,12.592262268066406,0.21875
417,11.584880828857422,0.28125
418,13.59964370727539,0.15625
419,14.103333473205566,0.125
420,12.592262268066406,0.21875
421,13.59964370727539,0.15625
422,13.095952987670898,0.1875
423,13.095952987670898,0.1875
424,13.095952987670898,0.1875
425,14.607023239135742,0.09375
426,13.599642753601074,0.15625
427,13.815510749816895,0.1428571492433548
428,14.103333473205566,0.125
429,13.095952987670898,0.1875
430,13.59964370727539,0.15625
431,14.607023239135742,0.09375
432,13.095952987670898,0.1875
433,14.103333473205566,0.125
434,13.095952987670898,0.1875
435,13.59964370727539,0.15625
436,14.607024192810059,0.09375
437,12.088571548461914,0.25
438,15.110713958740234,0.0625
439,14.103333473205566,0.125
440,15.110713958740234,0.0625
441,13.095952987670898,0.1875
442,14.607023239135742,0.09375
443,10.577499389648438,0.34375
444,12.088571548461914,0.25
445,11.584880828857422,0.28125
446,13.59964370727539,0.15625
447,12.592262268066406,0.21875
448,14.103333473205566,0.125
449,13.095952987670898,0.1875
450,14.103333473205566,0.125
451,14.103333473205566,0.125
452,12.592262268066406,0.21875
453,14.103333473205566,0.125
454,13.095952987670898,0.1875
455,13.599642753601074,0.15625
456,12.592262268066406,0.21875
457,15.110713958740234,0.0625
458,13.599642753601074,0.15625
459,12.592262268066406,0.21875
460,12.088571548461914,0.25
461,15.110713958740234,0.0625
462,12.088571548461914,0.25
463,13.599642753601074,0.15625
464,14.103333473205566,0.125
465,11.081191062927246,0.3125
466,14.103333473205566,0.125
467,11.584880828857422,0.28125
468,12.592262268066406,0.21875
469,13.095952987670898,0.1875
470,13.599642753601074,0.15625
471,14.607024192810059,0.09375
472,15.110713958740234,0.0625
473,13.59964370727539,0.15625
474,13.599642753601074,0.15625
475,11.584880828857422,0.28125
476,14.607023239135742,0.09375
477,13.599642753601074,0.15625
478,12.592262268066406,0.21875
479,12.592262268066406,0.21875
480,11.08119010925293,0.3125
481,12.088571548461914,0.25
482,13.095952987670898,0.1875
483,14.607023239135742,0.09375
484,12.592262268066406,0.21875
485,13.095952033996582,0.1875
486,12.592262268066406,0.21875
487,14.607023239135742,0.09375
488,15.110713958740234,0.0625
489,11.584880828857422,0.28125
490,14.103333473205566,0.125
491,13.095952987670898,0.1875
492,13.095952987670898,0.1875
493,12.592262268066406,0.21875
494,12.592262268066406,0.21875
495,12.592262268066406,0.21875
496,11.08119010925293,0.3125
497,14.607023239135742,0.09375
498,13.59964370727539,0.15625
499,12.592262268066406,0.21875
500,14.103333473205566,0.125
501,14.607023239135742,0.09375
502,13.095952987670898,0.1875
503,13.59964370727539,0.15625
504,12.592262268066406,0.21875
505,13.59964370727539,0.15625
506,13.095952987670898,0.1875
507,14.607023239135742,0.09375
508,13.59964370727539,0.15625
509,13.095952987670898,0.1875
510,12.592262268066406,0.21875
511,14.607023239135742,0.09375
512,14.607023239135742,0.09375
513,15.110713958740234,0.0625
514,14.103333473205566,0.125
515,12.592262268066406,0.21875
516,12.088571548461914,0.25
517,12.088571548461914,0.25
518,12.088571548461914,0.25
519,12.088571548461914,0.25
520,13.599642753601074,0.15625
521,13.59964370727539,0.15625
522,11.584880828857422,0.28125
523,14.607023239135742,0.09375
524,13.095952033996582,0.1875
525,13.095952987670898,0.1875
526,14.103333473205566,0.125
527,10.577499389648438,0.34375
528,12.592262268066406,0.21875
529,15.110713958740234,0.0625
530,14.607024192810059,0.09375
531,14.607023239135742,0.09375
532,14.103333473205566,0.125
533,11.584880828857422,0.28125
534,12.088571548461914,0.25
535,12.592262268066406,0.21875
536,12.088571548461914,0.25
537,14.607023239135742,0.09375
538,12.592262268066406,0.21875
539,12.592262268066406,0.21875
540,13.59964370727539,0.15625
541,12.592262268066406,0.21875
542,12.088571548461914,0.25
543,13.599642753601074,0.15625
544,13.59964370727539,0.15625
545,11.08119010925293,0.3125
546,14.607024192810059,0.09375
547,13.095952987670898,0.1875
548,11.584880828857422,0.28125
549,14.103333473205566,0.125
550,14.607023239135742,0.09375
551,13.59964370727539,0.15625
552,13.095952987670898,0.1875
553,13.095952987670898,0.1875
554,15.110713958740234,0.0625
555,11.08119010925293,0.3125
556,13.59964370727539,0.15625
557,12.592262268066406,0.21875
558,15.110713958740234,0.0625
559,15.110713958740234,0.0625
560,14.103333473205566,0.125
561,11.584880828857422,0.28125
562,12.592262268066406,0.21875
563,14.103333473205566,0.125
564,12.088571548461914,0.25
565,15.110713958740234,0.0625
566,12.592262268066406,0.21875
567,13.599642753601074,0.15625
568,13.095952987670898,0.1875
569,11.584880828857422,0.28125
570,14.103333473205566,0.125
571,13.599642753601074,0.15625
572,11.584880828857422,0.28125
573,13.59964370727539,0.15625
574,12.592262268066406,0.21875
575,13.59964370727539,0.15625
576,15.110713958740234,0.0625
577,15.614404678344727,0.03125
578,13.59964370727539,0.15625
579,12.592262268066406,0.21875
580,14.103333473205566,0.125
581,12.088571548461914,0.25
582,12.088571548461914,0.25
583,12.592262268066406,0.21875
584,12.592262268066406,0.21875
585,15.110713958740234,0.0625
586,13.599642753601074,0.15625
587,12.592262268066406,0.21875
588,15.110713958740234,0.0625
589,13.095952033996582,0.1875
590,13.095952987670898,0.1875
591,13.095952033996582,0.1875
592,12.592262268066406,0.21875
593,13.095952987670898,0.1875
594,14.607023239135742,0.09375
595,14.607023239135742,0.09375
596,14.103333473205566,0.125
597,13.815510749816895,0.1428571492433548
598,12.592262268066406,0.21875
599,14.607024192810059,0.09375
600,14.607023239135742,0.09375
601,11.584880828857422,0.28125
602,14.103333473205566,0.125
603,13.095952987670898,0.1875
604,14.607023239135742,0.09375
605,12.592262268066406,0.21875
606,14.607023239135742,0.09375
607,12.088571548461914,0.25
608,13.599642753601074,0.15625
609,14.103333473205566,0.125
610,14.103333473205566,0.125
611,12.088571548461914,0.25
612,12.592262268066406,0.21875
613,12.088571548461914,0.25
614,11.584880828857422,0.28125
615,12.592262268066406,0.21875
616,14.103333473205566,0.125
617,12.592262268066406,0.21875
618,13.59964370727539,0.15625
619,13.59964370727539,0.15625
620,13.59964370727539,0.15625
621,14.103333473205566,0.125
622,12.592262268066406,0.21875
623,13.59964370727539,0.15625
624,11.584880828857422,0.28125
625,12.592262268066406,0.21875
626,14.103333473205566,0.125
627,14.607023239135742,0.09375
628,12.088571548461914,0.25
629,12.592262268066406,0.21875
630,13.59964370727539,0.15625
631,13.095952033996582,0.1875
632,13.095952987670898,0.1875
633,13.599642753601074,0.15625
634,12.592262268066406,0.21875
635,12.592262268066406,0.21875
636,13.095952987670898,0.1875
637,14.103333473205566,0.125
638,14.103333473205566,0.125
639,14.103333473205566,0.125
640,13.095952987670898,0.1875
641,14.103333473205566,0.125
642,13.599642753601074,0.15625
643,13.095952987670898,0.1875
644,13.095952987670898,0.1875
645,12.592262268066406,0.21875
646,13.095952987670898,0.1875
647,12.592262268066406,0.21875
648,13.59964370727539,0.15625
649,14.607023239135742,0.09375
650,12.088571548461914,0.25
651,14.607023239135742,0.09375
652,14.103333473205566,0.125
653,11.584880828857422,0.28125
654,13.59964370727539,0.15625
655,13.095952033996582,0.1875
656,13.599642753601074,0.15625
657,12.088571548461914,0.25
658,14.103333473205566,0.125
659,15.110713958740234,0.0625
660,15.614404678344727,0.03125
661,13.095952987670898,0.1875
662,13.59964370727539,0.15625
663,13.59964370727539,0.15625
664,13.59964370727539,0.15625
665,12.592262268066406,0.21875
666,13.59964370727539,0.15625
667,13.599642753601074,0.15625
668,12.088571548461914,0.25
669,14.103333473205566,0.125
670,13.599642753601074,0.15625
671,13.599642753601074,0.15625
672,14.103333473205566,0.125
673,14.607023239135742,0.09375
674,12.088571548461914,0.25
675,13.59964370727539,0.15625
676,14.103333473205566,0.125
677,13.095952033996582,0.1875
678,12.088571548461914,0.25
679,14.607023239135742,0.09375
680,14.103333473205566,0.125
681,15.110713958740234,0.0625
682,14.103333473205566,0.125
683,11.584880828857422,0.28125
684,13.095952987670898,0.1875
685,12.088571548461914,0.25
686,12.592262268066406,0.21875
687,15.110713958740234,0.0625
688,14.103333473205566,0.125
689,13.095952987670898,0.1875
690,11.584880828857422,0.28125
691,14.103333473205566,0.125
692,13.095952987670898,0.1875
693,14.607023239135742,0.09375
694,12.592262268066406,0.21875
695,12.592262268066406,0.21875
696,12.088571548461914,0.25
697,13.095952987670898,0.1875
698,13.59964370727539,0.15625
699,11.081191062927246,0.3125
700,12.088571548461914,0.25
701,13.59964370727539,0.15625
702,13.59964370727539,0.15625
703,13.095952033996582,0.1875
704,14.607024192810059,0.09375
705,13.095952987670898,0.1875
706,14.103333473205566,0.125
707,6.907755374908447,0.5714285969734192
708,11.584880828857422,0.28125
709,13.59964370727539,0.15625
710,12.592262268066406,0.21875
711,14.103333473205566,0.125
712,14.103333473205566,0.125
713,11.08119010925293,0.3125
714,12.088571548461914,0.25
715,14.103333473205566,0.125
716,13.59964370727539,0.15625
717,12.592262268066406,0.21875
718,11.584880828857422,0.28125
719,14.103333473205566,0.125
720,12.592262268066406,0.21875
721,13.095952033996582,0.1875
722,15.110713958740234,0.0625
723,12.592262268066406,0.21875
724,13.095952987670898,0.1875
725,14.103333473205566,0.125
726,14.607023239135742,0.09375
727,13.59964370727539,0.15625
728,13.095952987670898,0.1875
729,12.592262268066406,0.21875
730,13.095952033996582,0.1875
731,13.599642753601074,0.15625
732,15.614404678344727,0.03125
733,14.103333473205566,0.125
734,13.095952987670898,0.1875
735,13.59964370727539,0.15625
736,14.607023239135742,0.09375
737,13.095952033996582,0.1875
738,13.095952033996582,0.1875
739,13.599642753601074,0.15625
740,14.103333473205566,0.125
741,14.103333473205566,0.125
742,14.103333473205566,0.125
743,13.599642753601074,0.15625
744,14.103333473205566,0.125
745,12.088571548461914,0.25
746,10.577500343322754,0.34375
747,13.599642753601074,0.15625
748,14.103333473205566,0.125
749,13.095952987670898,0.1875
750,12.088571548461914,0.25
751,14.607023239135742,0.09375
752,14.103333473205566,0.125
753,14.607023239135742,0.09375
754,12.088571548461914,0.25
755,14.103333473205566,0.125
756,13.095952987670898,0.1875
757,13.095952987670898,0.1875
758,12.592262268066406,0.21875
759,13.59964370727539,0.15625
760,14.607023239135742,0.09375
761,13.599642753601074,0.15625
762,13.599642753601074,0.15625
763,11.584880828857422,0.28125
764,12.088571548461914,0.25
765,13.095952987670898,0.1875
766,14.103333473205566,0.125
767,12.088571548461914,0.25
768,14.607024192810059,0.09375
769,13.095952987670898,0.1875
770,13.599642753601074,0.15625
771,11.584880828857422,0.28125
772,14.103333473205566,0.125
773,12.592262268066406,0.21875
774,15.110713958740234,0.0625
775,14.103333473205566,0.125
776,13.59964370727539,0.15625
777,12.592262268066406,0.21875
778,13.095952987670898,0.1875
779,13.095952987670898,0.1875
780,12.592262268066406,0.21875
781,11.584880828857422,0.28125
782,10.577499389648438,0.34375
783,12.088571548461914,0.25
784,14.607023239135742,0.09375
785,14.607023239135742,0.09375
786,13.095952987670898,0.1875
787,13.095952987670898,0.1875
788,14.103333473205566,0.125
789,13.599642753601074,0.15625
790,14.103333473205566,0.125
791,11.584880828857422,0.28125
792,12.592262268066406,0.21875
793,12.088571548461914,0.25
794,14.103333473205566,0.125
795,12.088571548461914,0.25
796,13.59964370727539,0.15625
797,12.592262268066406,0.21875
798,15.110713958740234,0.0625
799,15.110713958740234,0.0625
800,13.095952987670898,0.1875
801,14.103333473205566,0.125
802,12.088571548461914,0.25
803,13.095952987670898,0.1875
804,14.103333473205566,0.125
805,14.607024192810059,0.09375
806,12.088571548461914,0.25
807,14.607024192810059,0.09375
808,12.592262268066406,0.21875
809,14.103333473205566,0.125
810,13.095952987670898,0.1875
811,13.095952987670898,0.1875
812,13.59964370727539,0.15625
813,13.599642753601074,0.15625
814,14.103333473205566,0.125
815,13.59964370727539,0.15625
816,13.599642753601074,0.15625
817,13.59964370727539,0.15625
818,11.584880828857422,0.28125
819,12.592262268066406,0.21875
820,13.59964370727539,0.15625
821,14.607023239135742,0.09375
822,16.11809539794922,0.0
823,14.103333473205566,0.125
824,13.095952987670898,0.1875
825,11.081191062927246,0.3125
826,10.577500343322754,0.34375
827,13.095952987670898,0.1875
828,12.592262268066406,0.21875
829,14.607023239135742,0.09375
830,12.088571548461914,0.25
831,13.59964370727539,0.15625
832,10.073809623718262,0.375
833,13.095952987670898,0.1875
834,12.592262268066406,0.21875
835,11.584880828857422,0.28125
836,14.103333473205566,0.125
837,14.103333473205566,0.125
838,13.095952987670898,0.1875
839,13.599642753601074,0.15625
840,13.095952987670898,0.1875
841,15.110713958740234,0.0625
842,14.607024192810059,0.09375
843,14.103333473205566,0.125
844,15.110713958740234,0.0625
845,12.592262268066406,0.21875
846,12.088571548461914,0.25
847,14.607023239135742,0.09375
848,13.095952987670898,0.1875
849,11.08119010925293,0.3125
850,13.59964370727539,0.15625
851,14.607024192810059,0.09375
852,12.592262268066406,0.21875
853,14.103333473205566,0.125
854,10.577499389648438,0.34375
855,12.088571548461914,0.25
856,15.110713958740234,0.0625
857,15.110713958740234,0.0625
858,12.088571548461914,0.25
859,13.59964370727539,0.15625
860,11.584880828857422,0.28125
861,13.095952987670898,0.1875
862,11.584880828857422,0.28125
863,13.59964370727539,0.15625
864,14.607024192810059,0.09375
865,13.59964370727539,0.15625
866,12.592262268066406,0.21875
867,13.59964370727539,0.15625
868,12.592262268066406,0.21875
869,11.08119010925293,0.3125
870,14.607024192810059,0.09375
871,14.607023239135742,0.09375
872,15.110713958740234,0.0625
873,14.607023239135742,0.09375
874,14.607023239135742,0.09375
875,13.59964370727539,0.15625
876,14.103333473205566,0.125
877,11.584880828857422,0.28125
878,13.59964370727539,0.15625
879,11.584880828857422,0.28125
880,12.592262268066406,0.21875
881,12.592262268066406,0.21875
882,11.584880828857422,0.28125
883,15.110713958740234,0.0625
884,14.607023239135742,0.09375
885,14.607023239135742,0.09375
886,12.592262268066406,0.21875
887,11.584880828857422,0.28125
888,13.59964370727539,0.15625
889,13.59964370727539,0.15625
890,14.103333473205566,0.125
891,13.095952033996582,0.1875
892,13.59964370727539,0.15625
893,13.095952987670898,0.1875
894,13.59964370727539,0.15625
895,12.592262268066406,0.21875
896,13.59964370727539,0.15625
897,14.103333473205566,0.125
898,13.095952987670898,0.1875
899,14.103333473205566,0.125
900,13.095952987670898,0.1875
901,13.59964370727539,0.15625
902,12.592262268066406,0.21875
903,14.103333473205566,0.125
904,14.103333473205566,0.125
905,11.584880828857422,0.28125
906,11.584880828857422,0.28125
907,13.095952033996582,0.1875
908,14.103333473205566,0.125
909,14.607023239135742,0.09375
910,13.095952987670898,0.1875
911,15.110713958740234,0.0625
912,13.599642753601074,0.15625
913,13.815510749816895,0.1428571492433548
914,12.088571548461914,0.25
915,14.607023239135742,0.09375
916,13.599642753601074,0.15625
917,14.103333473205566,0.125
918,12.592262268066406,0.21875
919,11.584880828857422,0.28125
920,13.095952987670898,0.1875
921,14.103333473205566,0.125
922,13.095952033996582,0.1875
923,13.59964370727539,0.15625
924,13.599642753601074,0.15625
925,12.088571548461914,0.25
926,12.088571548461914,0.25
927,11.08119010925293,0.3125
928,12.592262268066406,0.21875
929,13.599642753601074,0.15625
930,14.607023239135742,0.09375
931,14.103333473205566,0.125
932,14.607023239135742,0.09375
933,14.103333473205566,0.125
934,13.095952033996582,0.1875
935,13.095952987670898,0.1875
936,12.592262268066406,0.21875
937,14.103333473205566,0.125
938,13.095952987670898,0.1875
939,13.59964370727539,0.15625
940,12.592262268066406,0.21875
941,13.095952987670898,0.1875
942,10.577499389648438,0.34375
943,14.103333473205566,0.125
944,13.095952987670898,0.1875
945,15.110713958740234,0.0625
946,12.088571548461914,0.25
947,11.584880828857422,0.28125
948,12.592262268066406,0.21875
949,14.607023239135742,0.09375
950,13.095952987670898,0.1875
951,14.103333473205566,0.125
952,13.095952987670898,0.1875
953,12.088571548461914,0.25
954,13.095952987670898,0.1875
955,15.110713958740234,0.0625
956,12.592262268066406,0.21875
957,12.592262268066406,0.21875
958,13.599642753601074,0.15625
959,15.614404678344727,0.03125
960,14.103333473205566,0.125
961,12.592262268066406,0.21875
962,13.59964370727539,0.15625
963,13.095952987670898,0.1875
964,13.095952987670898,0.1875
965,12.592262268066406,0.21875
966,15.110713958740234,0.0625
967,10.073809623718262,0.375
968,13.599642753601074,0.15625
969,13.095952987670898,0.1875
970,13.095952987670898,0.1875
971,14.607023239135742,0.09375
972,14.103333473205566,0.125
973,14.103333473205566,0.125
974,11.584880828857422,0.28125
975,14.103333473205566,0.125
976,13.59964370727539,0.15625
977,13.095952987670898,0.1875
978,13.095952987670898,0.1875
979,13.59964370727539,0.15625
980,13.59964370727539,0.15625
981,14.103333473205566,0.125
982,13.599642753601074,0.15625
983,14.103333473205566,0.125
984,13.095952987670898,0.1875
985,14.607023239135742,0.09375
986,14.103333473205566,0.125
987,10.073809623718262,0.375
988,13.095952033996582,0.1875
989,15.110713958740234,0.0625
990,13.095952987670898,0.1875
991,12.592262268066406,0.21875
992,13.095952987670898,0.1875
993,15.110713958740234,0.0625
994,11.08119010925293,0.3125
995,13.095952987670898,0.1875
996,13.815510749816895,0.1428571492433548
997,12.592262268066406,0.21875
998,14.103333473205566,0.125
999,13.59964370727539,0.15625
1000,14.103333473205566,0.125
1001,14.103333473205566,0.125
1002,13.095952987670898,0.1875
1003,12.592262268066406,0.21875
1004,12.088571548461914,0.25
1005,11.584880828857422,0.28125
1006,14.103333473205566,0.125
1007,14.103333473205566,0.125
1008,12.592262268066406,0.21875
1009,12.592262268066406,0.21875
1010,14.103333473205566,0.125
1011,13.59964370727539,0.15625
1012,14.103333473205566,0.125
1013,11.081191062927246,0.3125
1014,13.095952987670898,0.1875
1015,13.59964370727539,0.15625
1016,14.103333473205566,0.125
1017,13.095952987670898,0.1875
1018,14.103333473205566,0.125
1019,12.088571548461914,0.25
1020,13.59964370727539,0.15625
1021,13.095952987670898,0.1875
1022,13.599642753601074,0.15625
1023,14.607023239135742,0.09375
1024,14.103333473205566,0.125
1025,12.592262268066406,0.21875
1026,13.095952987670898,0.1875
1027,11.584880828857422,0.28125
1028,14.103333473205566,0.125
1029,14.103333473205566,0.125
1030,14.103333473205566,0.125
1031,12.592262268066406,0.21875
1032,12.088571548461914,0.25
1033,13.59964370727539,0.15625
1034,13.59964370727539,0.15625
1035,11.584880828857422,0.28125
1036,14.103333473205566,0.125
1037,14.607023239135742,0.09375
1038,14.103333473205566,0.125
1039,13.599642753601074,0.15625
1040,14.103333473205566,0.125
1041,11.512925148010254,0.2857142984867096
1042,14.103333473205566,0.125
1043,13.095952987670898,0.1875
1044,13.095952987670898,0.1875
1045,13.599642753601074,0.15625
1046,13.59964370727539,0.15625
1047,13.095952033996582,0.1875
1048,15.110713958740234,0.0625
1049,13.095952987670898,0.1875
1050,13.59964370727539,0.15625
1051,12.088571548461914,0.25
1052,15.110713958740234,0.0625
1053,13.59964370727539,0.15625
1054,12.088571548461914,0.25
1055,11.584880828857422,0.28125
1056,13.599642753601074,0.15625
1057,12.592262268066406,0.21875
1058,13.095952987670898,0.1875
1059,13.095952987670898,0.1875
1060,13.59964370727539,0.15625
1061,12.088571548461914,0.25
1062,13.095952987670898,0.1875
1063,14.607023239135742,0.09375
1064,13.095952987670898,0.1875
1065,13.095952987670898,0.1875
1066,13.095952987670898,0.1875
1067,13.59964370727539,0.15625
1068,11.584880828857422,0.28125
1069,12.088571548461914,0.25
1070,15.110713958740234,0.0625
1071,13.095952987670898,0.1875
1072,14.103333473205566,0.125
1073,12.088571548461914,0.25
1074,14.103333473205566,0.125
1075,12.088571548461914,0.25
1076,14.103333473205566,0.125
1077,12.088571548461914,0.25
1078,11.584880828857422,0.28125
1079,14.103333473205566,0.125
1080,13.095952987670898,0.1875
1081,12.088571548461914,0.25
1082,13.59964370727539,0.15625
1083,13.095952987670898,0.1875
1084,14.607024192810059,0.09375
1085,13.095952987670898,0.1875
1086,12.592262268066406,0.21875
1087,12.592262268066406,0.21875
1088,14.607024192810059,0.09375
1089,13.599642753601074,0.15625
1090,14.607023239135742,0.09375
1091,12.088571548461914,0.25
1092,12.592262268066406,0.21875
1093,14.103333473205566,0.125
1094,13.59964370727539,0.15625
1095,13.59964370727539,0.15625
1096,14.607023239135742,0.09375
1097,13.599642753601074,0.15625
1098,13.095952033996582,0.1875
1099,12.592262268066406,0.21875
1100,12.088571548461914,0.25
1101,13.095952987670898,0.1875
1102,13.095952033996582,0.1875
1103,14.607023239135742,0.09375
1104,14.103333473205566,0.125
1105,12.088571548461914,0.25
1106,14.607023239135742,0.09375
1107,12.592262268066406,0.21875
1108,14.607024192810059,0.09375
1109,12.088571548461914,0.25
1110,12.592262268066406,0.21875
1111,14.103333473205566,0.125
1112,12.088571548461914,0.25
1113,13.59964370727539,0.15625
1114,13.095952987670898,0.1875
1115,15.110713958740234,0.0625
1116,11.584880828857422,0.28125
1117,14.607023239135742,0.09375
1118,12.088571548461914,0.25
1119,14.607023239135742,0.09375
1120,13.095952987670898,0.1875
1121,15.110713958740234,0.0625
1122,14.607024192810059,0.09375
1123,12.592262268066406,0.21875
1124,12.088571548461914,0.25
1125,13.59964370727539,0.15625
1126,13.59964370727539,0.15625
1127,12.088571548461914,0.25
1128,12.592262268066406,0.21875
1129,14.103333473205566,0.125
1130,13.599642753601074,0.15625
1131,15.110713958740234,0.0625
1132,12.592262268066406,0.21875
1133,15.110713958740234,0.0625
1134,13.095952987670898,0.1875
1135,12.088571548461914,0.25
1136,13.095952987670898,0.1875
1137,11.584880828857422,0.28125
1138,13.095952033996582,0.1875
1139,14.103333473205566,0.125
1140,13.095952987670898,0.1875
1141,13.59964370727539,0.15625
1142,14.607024192810059,0.09375
1143,12.592262268066406,0.21875
1144,13.095952987670898,0.1875
1145,11.584880828857422,0.28125
1146,14.607024192810059,0.09375
1147,14.607024192810059,0.09375
1148,14.607023239135742,0.09375
1149,12.592262268066406,0.21875
1150,11.081191062927246,0.3125
1151,13.59964370727539,0.15625
1152,14.607023239135742,0.09375
1153,12.592262268066406,0.21875
1154,14.607023239135742,0.09375
1155,11.584880828857422,0.28125
1156,12.592262268066406,0.21875
1157,13.095952033996582,0.1875
1158,13.095952987670898,0.1875
1159,13.095952987670898,0.1875
1160,14.607023239135742,0.09375
1161,13.59964370727539,0.15625
1162,12.088571548461914,0.25
1163,13.599642753601074,0.15625
1164,13.59964370727539,0.15625
1165,12.592262268066406,0.21875
1166,14.103333473205566,0.125
1167,14.607023239135742,0.09375
1168,14.607023239135742,0.09375
1169,11.584880828857422,0.28125
1170,14.103333473205566,0.125
1171,12.592262268066406,0.21875
1172,12.592262268066406,0.21875
1173,14.607023239135742,0.09375
1174,13.59964370727539,0.15625
1175,15.110713958740234,0.0625
1176,13.59964370727539,0.15625
1177,11.584880828857422,0.28125
1178,14.607023239135742,0.09375
1179,12.088571548461914,0.25
1180,13.095952987670898,0.1875
1181,14.607023239135742,0.09375
1182,14.607023239135742,0.09375
1183,13.59964370727539,0.15625
1184,12.592262268066406,0.21875
1185,12.592262268066406,0.21875
1186,14.607023239135742,0.09375
1187,14.103333473205566,0.125
1188,14.103333473205566,0.125
1189,13.59964370727539,0.15625
1190,14.103333473205566,0.125
1191,13.59964370727539,0.15625
1192,11.08119010925293,0.3125
1193,13.59964370727539,0.15625
1194,13.59964370727539,0.15625
1195,15.110713958740234,0.0625
1196,12.592262268066406,0.21875
1197,13.095952033996582,0.1875
1198,11.584880828857422,0.28125
1199,14.607024192810059,0.09375
1200,13.59964370727539,0.15625
1201,14.103333473205566,0.125
1202,14.103333473205566,0.125
1203,11.081191062927246,0.3125
1204,12.592262268066406,0.21875
1205,13.59964370727539,0.15625
1206,11.584880828857422,0.28125
1207,15.614404678344727,0.03125
1208,11.584880828857422,0.28125
1209,13.59964370727539,0.15625
1210,12.088571548461914,0.25
1211,11.584880828857422,0.28125
1212,12.592262268066406,0.21875
1213,11.584880828857422,0.28125
1214,12.088571548461914,0.25
1215,12.088571548461914,0.25
1216,14.607023239135742,0.09375
1217,14.607024192810059,0.09375
1218,14.103333473205566,0.125
1219,11.584880828857422,0.28125
1220,10.577499389648438,0.34375
1221,13.095952987670898,0.1875
1222,11.08119010925293,0.3125
1223,13.095952033996582,0.1875
1224,14.103333473205566,0.125
1225,12.592262268066406,0.21875
1226,13.599642753601074,0.15625
1227,14.103333473205566,0.125
1228,13.095952987670898,0.1875
1229,14.607023239135742,0.09375
1230,12.592262268066406,0.21875
1231,13.599642753601074,0.15625
1232,13.59964370727539,0.15625
1233,13.095952987670898,0.1875
1234,14.103333473205566,0.125
1235,15.110713958740234,0.0625
1236,13.095952987670898,0.1875
1237,15.110713958740234,0.0625
1238,13.59964370727539,0.15625
1239,13.59964370727539,0.15625
1240,13.095952987670898,0.1875
1241,15.614404678344727,0.03125
1242,9.21034049987793,0.4285714328289032
1243,14.103333473205566,0.125
1244,12.592262268066406,0.21875
1245,12.088571548461914,0.25
1246,13.599642753601074,0.15625
1247,13.095952987670898,0.1875
1248,14.103333473205566,0.125
1249,15.110713958740234,0.0625
1250,11.584880828857422,0.28125
1251,12.088571548461914,0.25
1252,13.599642753601074,0.15625
1253,13.59964370727539,0.15625
1254,12.088571548461914,0.25
1255,12.592262268066406,0.21875
1256,15.110713958740234,0.0625
1257,11.584880828857422,0.28125
1258,14.607023239135742,0.09375
1259,11.08119010925293,0.3125
1260,14.103333473205566,0.125
1261,12.088571548461914,0.25
1262,13.59964370727539,0.15625
1263,12.592262268066406,0.21875
1264,12.088571548461914,0.25
1265,13.095952987670898,0.1875
1266,13.095952987670898,0.1875
1267,14.103333473205566,0.125
1268,14.103333473205566,0.125
1269,13.095952033996582,0.1875
1270,11.584880828857422,0.28125
1271,12.592262268066406,0.21875
1272,13.095952033996582,0.1875
1273,15.110713958740234,0.0625
1274,14.103333473205566,0.125
1275,13.095952987670898,0.1875
1276,12.088571548461914,0.25
1277,13.095952987670898,0.1875
1278,12.088571548461914,0.25
1279,15.110713958740234,0.0625
1280,13.59964370727539,0.15625
1281,12.592262268066406,0.21875
1282,12.088571548461914,0.25
1283,13.095952033996582,0.1875
1284,12.592262268066406,0.21875
1285,14.103333473205566,0.125
1286,12.592262268066406,0.21875
1287,13.59964370727539,0.15625
1288,13.59964370727539,0.15625
1289,13.59964370727539,0.15625
1290,12.592262268066406,0.21875
1291,12.592262268066406,0.21875
1292,11.584880828857422,0.28125
1293,14.103333473205566,0.125
1294,14.103333473205566,0.125
1295,13.095952987670898,0.1875
1296,13.59964370727539,0.15625
1297,13.59964370727539,0.15625
1298,13.599642753601074,0.15625
1299,15.110713958740234,0.0625
1300,12.592262268066406,0.21875
1301,13.599642753601074,0.15625
1302,13.599642753601074,0.15625
1303,13.095952033996582,0.1875
1304,13.59964370727539,0.15625
1305,14.103333473205566,0.125
1306,11.08119010925293,0.3125
1307,15.110713958740234,0.0625
1308,12.592262268066406,0.21875
1309,15.110713958740234,0.0625
1310,13.095952033996582,0.1875
1311,14.103333473205566,0.125
1312,13.095952987670898,0.1875
1313,11.512925148010254,0.2857142984867096
1314,13.095952987670898,0.1875
1315,14.103333473205566,0.125
1316,15.110713958740234,0.0625
1317,13.095952987670898,0.1875
1318,13.095952987670898,0.1875
1319,13.599642753601074,0.15625
1320,15.614404678344727,0.03125
1321,12.592262268066406,0.21875
1322,13.59964370727539,0.15625
1323,13.59964370727539,0.15625
1324,14.103333473205566,0.125
1325,13.59964370727539,0.15625
1326,14.607023239135742,0.09375
1327,14.607023239135742,0.09375
1328,13.095952987670898,0.1875
1329,11.584880828857422,0.28125
1330,12.088571548461914,0.25
1331,12.592262268066406,0.21875
1332,14.103333473205566,0.125
1333,14.103333473205566,0.125
1334,13.59964370727539,0.15625
1335,14.103333473205566,0.125
1336,11.584880828857422,0.28125
1337,13.095952987670898,0.1875
1338,14.607023239135742,0.09375
1339,11.08119010925293,0.3125
1340,12.592262268066406,0.21875
1341,14.103333473205566,0.125
1342,13.59964370727539,0.15625
1343,13.095952987670898,0.1875
1344,12.592262268066406,0.21875
1345,13.59964370727539,0.15625
1346,11.584880828857422,0.28125
1347,15.614404678344727,0.03125
1348,14.607023239135742,0.09375
1349,13.095952033996582,0.1875
1350,11.584880828857422,0.28125
1351,13.095952987670898,0.1875
1352,11.08119010925293,0.3125
1353,12.592262268066406,0.21875
1354,14.103333473205566,0.125
1355,14.607024192810059,0.09375
1356,12.592262268066406,0.21875
1357,12.088571548461914,0.25
1358,15.110713958740234,0.0625
1359,13.59964370727539,0.15625
1360,14.103333473205566,0.125
1361,15.110713958740234,0.0625
1362,13.59964370727539,0.15625
1363,12.592262268066406,0.21875
1364,10.577499389648438,0.34375
1365,13.599642753601074,0.15625
1366,10.073809623718262,0.375
1367,13.599642753601074,0.15625
1368,13.095952987670898,0.1875
1369,13.59964370727539,0.15625
1370,15.110713958740234,0.0625
1371,13.095952033996582,0.1875
1372,13.095952987670898,0.1875
1373,12.592262268066406,0.21875
1374,14.607024192810059,0.09375
1375,13.59964370727539,0.15625
1376,11.584880828857422,0.28125
1377,13.599642753601074,0.15625
1378,13.095952987670898,0.1875
1379,13.59964370727539,0.15625
1380,14.103333473205566,0.125
1381,13.59964370727539,0.15625
1382,12.088571548461914,0.25
1383,13.095952987670898,0.1875
1384,13.59964370727539,0.15625
1385,12.088571548461914,0.25
1386,13.599642753601074,0.15625
1387,14.103333473205566,0.125
1388,12.592262268066406,0.21875
1389,15.110713958740234,0.0625
1390,14.103333473205566,0.125
1391,13.095952987670898,0.1875
1392,14.103333473205566,0.125
1393,13.59964370727539,0.15625
1394,12.592262268066406,0.21875
1395,12.088571548461914,0.25
1396,14.607024192810059,0.09375
1397,13.59964370727539,0.15625
1398,13.095952987670898,0.1875
1399,14.103333473205566,0.125
1400,13.599642753601074,0.15625
1401,14.103333473205566,0.125
1402,13.59964370727539,0.15625
1403,15.614404678344727,0.03125
1404,14.103333473205566,0.125
1405,13.095952987670898,0.1875
1406,14.607023239135742,0.09375
1407,12.088571548461914,0.25
1408,13.095952987670898,0.1875
1409,15.110713958740234,0.0625
1410,12.088571548461914,0.25
1411,11.584880828857422,0.28125
1412,11.584880828857422,0.28125
1413,14.103333473205566,0.125
1414,14.607023239135742,0.09375
1415,11.584880828857422,0.28125
1416,14.103333473205566,0.125
1417,13.815510749816895,0.1428571492433548
1418,12.592262268066406,0.21875
1419,11.584880828857422,0.28125
1420,14.103333473205566,0.125
1421,13.59964370727539,0.15625
1422,14.607023239135742,0.09375
1423,11.08119010925293,0.3125
1424,13.095952987670898,0.1875
1425,14.103333473205566,0.125
1426,14.103333473205566,0.125
1427,12.088571548461914,0.25
1428,12.088571548461914,0.25
1429,13.599642753601074,0.15625
1430,13.095952987670898,0.1875
1431,12.592262268066406,0.21875
1432,13.095952987670898,0.1875
1433,14.607023239135742,0.09375
1434,11.584880828857422,0.28125
1435,13.095952033996582,0.1875
1436,14.103333473205566,0.125
1437,14.103333473205566,0.125
1438,13.095952987670898,0.1875
1439,13.599642753601074,0.15625
1440,14.103333473205566,0.125
1441,13.59964370727539,0.15625
1442,12.592262268066406,0.21875
1443,13.095952987670898,0.1875
1444,13.095952987670898,0.1875
1445,14.607024192810059,0.09375
1446,15.110713958740234,0.0625
1447,14.607023239135742,0.09375
1448,13.599642753601074,0.15625
1449,12.088571548461914,0.25
1450,13.095952987670898,0.1875
1451,11.584880828857422,0.28125
1452,13.095952987670898,0.1875
1453,13.095952033996582,0.1875
1454,12.592262268066406,0.21875
1455,13.095952987670898,0.1875
1456,12.088571548461914,0.25
1457,13.095952987670898,0.1875
1458,12.592262268066406,0.21875
1459,14.607023239135742,0.09375
1460,14.607023239135742,0.09375
1461,12.592262268066406,0.21875
1462,13.815510749816895,0.1428571492433548
1463,10.577500343322754,0.34375
1464,15.614404678344727,0.03125
1465,14.103333473205566,0.125
1466,14.103333473205566,0.125
1467,14.607023239135742,0.09375
1468,12.592262268066406,0.21875
1469,14.103333473205566,0.125
1470,13.095952987670898,0.1875
1471,14.103333473205566,0.125
1472,12.592262268066406,0.21875
1473,13.095952987670898,0.1875
1474,14.103333473205566,0.125
1475,13.59964370727539,0.15625
1476,13.095952987670898,0.1875
1477,13.59964370727539,0.15625
1478,13.599642753601074,0.15625
1479,13.59964370727539,0.15625
1480,12.592262268066406,0.21875
1481,13.59964370727539,0.15625
1482,14.103333473205566,0.125
1483,12.592262268066406,0.21875
1484,14.103333473205566,0.125
1485,15.110713958740234,0.0625
1486,13.599642753601074,0.15625
1487,11.08119010925293,0.3125
1488,14.103333473205566,0.125
1489,12.592262268066406,0.21875
1490,13.59964370727539,0.15625
1491,12.088571548461914,0.25
1492,12.088571548461914,0.25
1493,14.103333473205566,0.125
1494,13.095952987670898,0.1875
1495,13.095952033996582,0.1875
1496,13.095952987670898,0.1875
1497,13.59964370727539,0.15625
1498,13.599642753601074,0.15625
1499,12.088571548461914,0.25
1500,12.592262268066406,0.21875
1501,14.103333473205566,0.125
1502,13.599642753601074,0.15625
1503,12.088571548461914,0.25
1504,12.592262268066406,0.21875
1505,12.592262268066406,0.21875
1506,11.584880828857422,0.28125
1507,14.607023239135742,0.09375
1508,13.095952987670898,0.1875
1509,14.607024192810059,0.09375
1510,14.607023239135742,0.09375
1511,14.103333473205566,0.125
1512,12.592262268066406,0.21875
1513,13.59964370727539,0.15625
1514,13.095952987670898,0.1875
1515,14.607024192810059,0.09375
1516,12.088571548461914,0.25
1517,13.095952033996582,0.1875
1518,15.110713958740234,0.0625
1519,13.599642753601074,0.15625
1520,14.607023239135742,0.09375
1521,12.088571548461914,0.25
1522,15.110713958740234,0.0625
1523,13.599642753601074,0.15625
1524,11.584880828857422,0.28125
1525,13.59964370727539,0.15625
1526,13.095952987670898,0.1875
1527,13.095952987670898,0.1875
1528,13.59964370727539,0.15625
1529,13.59964370727539,0.15625
1530,13.59964370727539,0.15625
1531,11.584880828857422,0.28125
1532,14.103333473205566,0.125
1533,11.584880828857422,0.28125
1534,14.103333473205566,0.125
1535,14.103333473205566,0.125
1536,13.095952987670898,0.1875
1537,13.095952987670898,0.1875
1538,14.103333473205566,0.125
1539,12.088571548461914,0.25
1540,13.095952033996582,0.1875
1541,12.592262268066406,0.21875
1542,11.584880828857422,0.28125
1543,10.577500343322754,0.34375
1544,13.599642753601074,0.15625
1545,12.592262268066406,0.21875
1546,14.103333473205566,0.125
1547,12.592262268066406,0.21875
1548,13.59964370727539,0.15625
1549,14.103333473205566,0.125
1550,14.103333473205566,0.125
1551,13.59964370727539,0.15625
1552,13.59964370727539,0.15625
1553,13.59964370727539,0.15625
1554,12.592262268066406,0.21875
1555,13.095952987670898,0.1875
1556,14.607023239135742,0.09375
1557,13.095952033996582,0.1875
1558,12.088571548461914,0.25
1559,14.103333473205566,0.125
1560,14.103333473205566,0.125
1561,13.59964370727539,0.15625
1562,13.59964370727539,0.15625
1563,12.592262268066406,0.21875
1564,14.103333473205566,0.125
1565,13.599642753601074,0.15625
1566,14.103333473205566,0.125
1567,14.607023239135742,0.09375
1568,13.599642753601074,0.15625
1569,13.095952987670898,0.1875
1570,13.59964370727539,0.15625
1571,11.584880828857422,0.28125
1572,12.592262268066406,0.21875
1573,11.584880828857422,0.28125
1574,12.592262268066406,0.21875
1575,12.592262268066406,0.21875
1576,12.088571548461914,0.25
1577,12.088571548461914,0.25
1578,11.08119010925293,0.3125
1579,14.103333473205566,0.125
1580,12.592262268066406,0.21875
1581,11.584880828857422,0.28125
1582,14.607023239135742,0.09375
1583,11.584880828857422,0.28125
1584,13.095952987670898,0.1875
1585,13.095952987670898,0.1875
1586,14.607023239135742,0.09375
1587,15.614404678344727,0.03125
1588,12.592262268066406,0.21875
1589,14.607023239135742,0.09375
1590,15.110713958740234,0.0625
1591,13.095952033996582,0.1875
1592,13.095952987670898,0.1875
1593,12.592262268066406,0.21875
1594,12.088571548461914,0.25
1595,14.607024192810059,0.09375
1596,13.095952987670898,0.1875
1597,13.095952987670898,0.1875
1598,13.095952987670898,0.1875
1599,14.607023239135742,0.09375
1600,13.095952987670898,0.1875
1601,13.095952987670898,0.1875
1602,14.103333473205566,0.125
1603,14.607024192810059,0.09375
1604,13.599642753601074,0.15625
1605,14.607023239135742,0.09375
1606,14.607023239135742,0.09375
1607,12.592262268066406,0.21875
1608,13.59964370727539,0.15625
1609,14.103333473205566,0.125
1610,13.095952987670898,0.1875
1611,14.607024192810059,0.09375
1612,13.599642753601074,0.15625
1613,13.095952033996582,0.1875
1614,13.59964370727539,0.15625
1615,12.592262268066406,0.21875
1616,13.59964370727539,0.15625
1617,15.614404678344727,0.03125
1618,14.607023239135742,0.09375
1619,11.08119010925293,0.3125
1620,12.592262268066406,0.21875
1621,13.095952987670898,0.1875
1622,13.59964370727539,0.15625
1623,14.103333473205566,0.125
1624,12.088571548461914,0.25
1625,13.59964370727539,0.15625
1626,11.584880828857422,0.28125
1627,12.088571548461914,0.25
1628,13.095952987670898,0.1875
1629,12.592262268066406,0.21875
1630,14.607024192810059,0.09375
1631,14.103333473205566,0.125
1632,12.592262268066406,0.21875
1633,13.095952987670898,0.1875
1634,11.512925148010254,0.2857142984867096
1635,13.59964370727539,0.15625
1636,11.081191062927246,0.3125
1637,13.59964370727539,0.15625
1638,12.088571548461914,0.25
1639,14.103333473205566,0.125
1640,12.592262268066406,0.21875
1641,15.110713958740234,0.0625
1642,13.095952033996582,0.1875
1643,13.59964370727539,0.15625
1644,13.59964370727539,0.15625
1645,12.088571548461914,0.25
1646,11.584880828857422,0.28125
1647,13.59964370727539,0.15625
1648,12.592262268066406,0.21875
1649,12.592262268066406,0.21875
1650,14.607023239135742,0.09375
1651,11.08119010925293,0.3125
1652,14.103333473205566,0.125
1653,14.607024192810059,0.09375
1654,13.59964370727539,0.15625
1655,14.103333473205566,0.125
1656,14.103333473205566,0.125
1657,13.59964370727539,0.15625
1658,14.103333473205566,0.125
1659,15.110713958740234,0.0625
1660,13.095952987670898,0.1875
1661,12.592262268066406,0.21875
1662,13.095952987670898,0.1875
1663,12.088571548461914,0.25
